タイムスタンプ,本キャンペーン(毎月28日は35歳未満の方無料)をどこで知りましたか？
2019-12-28 9:07:10,知らなかった
2019-12-28 9:41:06,リピーター(すでに本キャンペーンを利用して来場した経験があった)
2019-12-28 10:42:38,知らなかった
2019-12-28 11:07:12,公式ホームページ
2019-12-28 11:41:01,公式Instagram
2019-12-28 11:47:05,知らなかった
2019-12-28 12:04:01,知らなかった
2019-12-28 12:19:36,知らなかった
2019-12-28 12:38:29,知らなかった
2019-12-28 12:59:49,知らなかった
2019-12-28 13:42:06,知らなかった
2019-12-28 13:42:12,知らなかった
2019-12-28 13:48:26,知らなかった
2019-12-28 13:51:25,知らなかった
2019-12-28 14:21:41,知らなかった
2019-12-28 14:41:23,知らなかった
2019-12-28 14:58:33,知らなかった
2019-12-28 15:15:05,お知り合い
2019-12-28 15:15:10,知らなかった
2019-12-28 15:24:40,知らなかった
2019-12-28 15:24:44,知らなかった
2019-12-28 15:34:29,知らなかった
2021-02-28 9:27:15,公式ホームページ
2021-02-28 9:55:47,公式ホームページ
2021-02-28 10:45:12,公式Instagram
2021-02-28 10:45:22,チラシ
2021-02-28 11:04:59,公式ホームページ
2021-02-28 11:19:44,知らなかった
2021-02-28 11:47:59,リピーター(すでに本キャンペーンを利用して来場した経験があった)
2021-02-28 12:22:05,その他
2021-02-28 13:33:10,知らなかった
2021-02-28 13:46:16,リピーター(すでに本キャンペーンを利用して来場した経験があった)
2021-02-28 14:35:09,リピーター(すでに本キャンペーンを利用して来場した経験があった)
2021-02-28 14:47:16,知らなかった
2021-02-28 14:54:30,知らなかった
2021-02-28 14:55:55,知らなかった
2021-02-28 15:14:45,知らなかった
2021-02-28 15:14:49,知らなかった
2021-02-28 15:14:52,お知り合い
2021-02-28 15:43:23,知らなかった
2021-02-28 16:02:38,リピーター(すでに本キャンペーンを利用して来場した経験があった)
2021-02-28 16:02:46,知らなかった
2019-10-28 9:02:41,知らなかった
2019-10-28 9:32:32,知らなかった
2019-10-28 10:40:50,知らなかった
2019-10-28 10:41:01,知らなかった
2019-10-28 10:41:08,知らなかった
2019-10-28 10:41:15,知らなかった
2019-10-28 12:10:55,知らなかった
2019-10-28 12:51:36,知らなかった
2019-10-28 12:51:44,知らなかった
2019-10-28 13:24:19,知らなかった
2019-10-28 13:30:17,新聞
2019-10-28 13:40:37,知らなかった
2019-10-28 13:56:04,知らなかった
2019-10-28 14:28:31,知らなかった
2019-10-28 14:33:01,知らなかった
2019-10-28 14:33:14,知らなかった
2019-10-28 14:39:03,知らなかった
2019-10-28 14:47:20,知らなかった
2019-10-28 14:52:01,知らなかった
2019-10-28 14:52:08,知らなかった
2019-10-28 14:56:56,
2019-10-28 16:03:01,お知り合い
2019-10-28 16:18:17,知らなかった
2019-10-28 16:18:25,知らなかった
2019-10-28 16:26:04,知らなかった
2019-10-28 16:33:13,お知り合い
2020-10-28 9:53:59,知らなかった
2020-10-28 9:57:42,公式ホームページ
2020-10-28 9:58:17,リピーター(すでに本キャンペーンを利用して来場した経験があった)
2020-10-28 10:02:48,お知り合い
2020-10-28 10:03:37,お知り合い
2020-10-28 10:35:30,公式ホームページ
2020-10-28 11:00:21,その他
2020-10-28 11:44:43,知らなかった
2020-10-28 11:49:39,公式ホームページ
2020-10-28 11:50:03,公式ホームページ
2020-10-28 12:47:42,その他
2020-10-28 13:44:44,公式ホームページ
2020-10-28 13:57:39,お知り合い
2020-10-28 14:57:07,お知り合い
2020-10-28 15:02:09,公式ホームページ
2020-10-28 15:02:46,公式ホームページ
2020-10-28 15:10:57,公式ホームページ
2021-01-27 14:59:57,その他
2021-01-27 15:00:38,その他
2021-01-27 15:00:44,その他
2021-01-27 15:52:10,お知り合い
2021-01-27 16:52:49,その他
2021-01-27 16:57:02,公式Twitter
2021-01-27 17:15:21,公式Twitter
2021-01-27 18:53:48,公式Twitter
2021-01-27 19:13:29,公式ホームページ
2021-01-27 19:55:43,知らなかった
2021-01-27 20:56:18,知らなかった
2021-01-27 20:59:15,公式ホームページ
2021-01-27 21:14:22,リピーター(すでに本キャンペーンを利用して来場した経験があった)
2021-01-27 21:49:51,公式ホームページ
2021-06-28 9:06:53,お知り合い
2021-06-28 9:09:29,公式ホームページ
2021-06-28 9:14:22,リピーター(すでに本キャンペーンを利用して来場した経験があった)
2021-06-28 9:54:07,公式ホームページ
2021-06-28 11:40:12,知らなかった
2021-06-28 11:40:54,知らなかった
2021-06-28 12:09:34,知らなかった
2021-06-28 12:35:50,リピーター(すでに本キャンペーンを利用して来場した経験があった)
2021-06-28 13:17:35,公式Twitter
2021-06-28 13:17:42,公式ホームページ
2019-08-28 9:42:42,知らなかった
2019-08-28 9:55:56,知らなかった
2019-08-28 10:16:29,知らなかった
2019-08-28 10:48:44,知らなかった
2019-08-28 10:59:19,他のウェブサイト
2019-08-28 11:11:20,知らなかった
2019-08-28 11:13:49,他のウェブサイト
2019-08-28 11:36:08,お知り合い
2019-08-28 12:00:39,知らなかった
2019-08-28 12:02:39,知らなかった
2019-08-28 12:09:02,公式ホームページ
2019-08-28 12:44:00,知らなかった
2019-08-28 13:34:29,その他 Other
2019-08-28 14:05:57,公式ホームページ
2019-08-28 14:12:05,知らなかった
2019-08-28 14:12:10,知らなかった
2019-08-28 14:15:36,チラシ
2019-08-28 14:23:21,お知り合い
2019-08-28 15:01:08,知らなかった
2019-08-28 15:01:13,知らなかった
2019-08-28 15:03:48,知らなかった
2019-08-28 15:03:52,知らなかった
2019-08-28 15:22:59,知らなかった
2019-08-28 15:38:12,お知り合い
2019-08-28 15:42:57,知らなかった
2019-08-28 16:02:41,知らなかった
2019-08-28 16:02:48,知らなかった
2019-08-28 16:10:32,知らなかった
2019-08-28 16:30:11,他のウェブサイト
2019-08-28 16:40:24,公式ホームページ
2019-08-28 16:49:39,知らなかった
2019-08-28 16:57:20,チラシ
2019-08-28 16:59:10,知らなかった
2019-08-28 17:13:49,知らなかった
2019-08-28 17:15:41,知らなかった
2019-11-28 10:18:55,知らなかった
2019-11-28 10:20:14,
2019-11-28 11:12:27,知らなかった
2019-11-28 11:50:51,知らなかった
2019-11-28 12:04:12,知らなかった
2019-11-28 12:11:09,知らなかった
2019-11-28 12:42:01,知らなかった
2019-11-28 12:54:06,公式ホームページ
2019-11-28 12:54:16,お知り合い
2019-11-28 13:07:59,知らなかった
2019-11-28 13:36:00,知らなかった
2019-11-28 13:49:11,知らなかった
2019-11-28 13:49:27,知らなかった
2019-11-28 14:05:55,知らなかった
2019-11-28 14:23:35,知らなかった
2019-11-28 14:23:42,知らなかった
2019-11-28 14:23:46,知らなかった
2019-11-28 14:29:11,知らなかった
2019-11-28 14:34:31,知らなかった
2019-11-28 14:39:18,知らなかった
2019-11-28 14:42:05,知らなかった
2019-11-28 14:43:37,知らなかった
2019-11-28 14:47:49,お知り合い
2019-11-28 14:48:14,チラシ
2019-11-28 14:59:04,知らなかった
2019-11-28 15:12:05,知らなかった
2019-11-28 15:34:17,知らなかった
2019-11-28 15:36:19,知らなかった
2019-11-28 15:49:06,知らなかった
2019-11-28 16:00:47,知らなかった
2019-11-28 16:04:11,広報誌
2019-11-28 16:05:40,チラシ
2019-11-28 16:08:37,知らなかった
2019-11-28 16:20:14,知らなかった
2019-11-28 16:35:43,チラシ
2019-11-29 14:26:05,チラシ
2019-09-28 9:02:53,知らなかった
2019-09-28 9:14:10,知らなかった
2019-09-28 9:14:35,他のウェブサイト
2019-09-28 9:40:17,知らなかった
2019-09-28 9:47:27,公式ホームページ
2019-09-28 9:47:34,知らなかった
2019-09-28 10:28:27,公式ホームページ
2019-09-28 10:59:35,公式ホームページ
2019-09-28 11:07:07,公式ホームページ
2019-09-28 11:47:06,知らなかった
2019-09-28 12:02:45,知らなかった
2019-09-28 12:51:52,公式ホームページ
2019-09-28 15:17:51,知らなかった
2019-09-28 15:18:00,公式Facebook
2019-09-28 15:27:40,知らなかった
2019-09-28 15:27:44,お知り合い
2019-09-28 15:27:49,知らなかった
2019-09-28 15:43:56,知らなかった
2019-09-28 16:04:09,チラシ
2019-09-28 16:04:16,お知り合い
2020-07-28 9:09:51,公式ホームページ
2020-07-28 9:50:56,知らなかった
2020-07-28 11:01:53,公式ホームページ
2020-07-28 11:49:04,公式ホームページ
2020-07-28 12:53:26,リピーター(すでに本キャンペーンを利用して来場した経験があった)
2020-07-28 12:53:32,公式Twitter
2020-07-28 13:39:20,知らなかった
2020-07-28 13:53:12,公式ホームページ
2020-07-28 14:10:00,公式ホームページ
2020-07-28 14:14:17,知らなかった
2020-07-28 14:14:24,公式ホームページ
2020-07-28 14:46:41,公式ホームページ
2020-07-28 16:17:00,公式ホームページ
2020-07-28 16:47:56,知らなかった
2021-07-28 10:43:20,公式ホームページ
2021-07-28 11:03:17,公式ホームページ
2021-07-28 11:03:26,公式ホームページ
2021-07-28 11:03:33,公式ホームページ
2021-07-28 11:03:39,公式ホームページ
2021-07-28 11:40:18,チラシ
2021-07-28 13:01:30,リピーター(すでに本キャンペーンを利用して来場した経験があった)
2021-07-28 13:01:43,公式ホームページ
2021-07-28 13:11:33,その他
2021-07-28 13:11:42,その他
2021-07-28 14:41:04,知らなかった
2021-07-28 14:41:20,知らなかった
2021-07-28 15:08:08,公式ホームページ
2021-07-28 15:55:48,チラシ
2021-07-28 17:01:14,知らなかった
2021-07-28 17:05:11,リピーター(すでに本キャンペーンを利用して来場した経験があった)
2021-07-28 17:05:28,知らなかった
2021-10-28 9:02:54,公式ホームページ
2021-10-28 9:07:52,リピーター(すでに本キャンペーンを利用して来場した経験があった)
2021-10-28 10:24:25,公式ホームページ
2021-10-28 10:29:01,公式ホームページ
2021-10-28 10:32:51,公式Instagram
2021-10-28 10:32:58,公式ホームページ
2021-10-28 10:33:06,公式ホームページ
2021-10-28 11:54:18,公式ホームページ
2021-10-28 13:02:08,知らなかった
2021-10-28 13:27:13,知らなかった
2021-10-28 13:46:49,公式ホームページ
2021-10-28 15:01:19,公式ホームページ
2021-10-28 15:05:06,公式ホームページ
2021-10-28 15:05:25,公式ホームページ
2021-10-28 15:21:17,他のウェブサイト
2021-10-28 15:21:25,知らなかった
2021-10-28 15:34:59,知らなかった
2021-10-28 15:39:33,知らなかった
2021-10-28 16:06:55,知らなかった
2021-10-28 16:06:59,知らなかった
2021-10-28 16:07:05,お知り合い
2021-10-28 16:07:11,公式ホームページ
2021-03-28 9:02:38,公式ホームページ
2021-03-28 9:02:49,公式Twitter
2021-03-28 9:02:58,公式ホームページ
2021-03-28 9:37:03,チラシ
2021-03-28 10:23:18,知らなかった
2021-03-28 10:40:07,知らなかった
2021-03-28 10:47:58,知らなかった
2021-03-28 10:56:41,公式ホームページ
2021-03-28 11:00:35,公式ホームページ
2021-03-28 11:48:36,知らなかった
2021-03-28 11:49:55,知らなかった
2021-03-28 11:54:48,知らなかった
2021-03-28 12:19:25,チラシ
2021-03-28 12:58:12,知らなかった
2021-03-28 13:11:24,知らなかった
2021-03-28 13:20:45,公式ホームページ
2021-03-28 13:59:25,知らなかった
2021-03-28 14:14:39,知らなかった
2021-03-28 14:29:41,公式ホームページ
2021-03-28 14:29:54,公式Facebook
2021-03-28 14:30:02,知らなかった
2021-03-28 14:30:07,知らなかった
2021-03-28 14:30:15,リピーター(すでに本キャンペーンを利用して来場した経験があった)
2021-03-28 14:30:22,知らなかった
2021-03-28 14:30:27,チラシ
2021-03-28 14:30:36,リピーター(すでに本キャンペーンを利用して来場した経験があった)
2021-03-28 14:30:49,リピーター(すでに本キャンペーンを利用して来場した経験があった)
2021-03-28 14:49:13,知らなかった
2021-03-28 14:50:38,公式ホームページ
2021-03-28 14:58:14,知らなかった
2021-03-28 15:02:32,公式ホームページ
2021-03-28 15:06:15,知らなかった
2021-03-28 15:19:33,知らなかった
2021-03-28 15:32:14,公式ホームページ
2021-03-28 15:56:36,知らなかった
2020-08-28 9:02:45,他のウェブサイト
2020-08-28 9:18:31,公式ホームページ
2020-08-28 9:20:17,公式ホームページ
2020-08-28 9:20:21,その他
2020-08-28 11:03:19,公式ホームページ
2020-08-28 11:03:44,公式ホームページ
2020-08-28 11:03:55,公式ホームページ
2020-08-28 14:06:42,お知り合い
2020-08-28 14:06:51,お知り合い
2020-08-28 14:37:37,知らなかった
2020-08-28 15:02:28,公式Twitter
2020-08-28 15:58:30,公式ホームページ
2020-06-28 9:28:29,知らなかった
2020-06-28 9:53:10,公式ホームページ
2020-06-28 10:26:00,公式ホームページ
2020-06-28 10:26:19,公式ホームページ
2020-06-28 11:03:02,リピーター(すでに本キャンペーンを利用して来場した経験があった)
2020-06-28 11:03:57,公式Twitter
2020-06-28 11:19:54,お知り合い
2020-06-28 13:03:29,知らなかった
2020-06-28 14:05:04,公式ホームページ
2020-06-28 14:05:23,お知り合い
2020-06-28 14:06:13,公式ホームページ
2020-06-28 14:52:30,知らなかった
2020-06-28 17:25:34,公式Facebook
2020-06-28 17:25:41,知らなかった
2020-09-28 9:20:15,公式ホームページ
2020-09-28 9:21:09,リピーター(すでに本キャンペーンを利用して来場した経験があった)
2020-09-28 9:21:36,リピーター(すでに本キャンペーンを利用して来場した経験があった)
2020-09-28 10:22:59,リピーター(すでに本キャンペーンを利用して来場した経験があった)
2020-09-28 10:23:15,リピーター(すでに本キャンペーンを利用して来場した経験があった)
2020-09-28 10:23:25,公式ホームページ
2020-09-28 10:23:33,公式ホームページ
2020-09-28 10:37:48,リピーター(すでに本キャンペーンを利用して来場した経験があった)
2020-09-28 12:09:27,雑誌・新聞
2020-09-28 12:51:36,雑誌・新聞
2020-09-28 15:01:54,リピーター(すでに本キャンペーンを利用して来場した経験があった)
2020-09-28 15:16:08,公式Instagram
2020-09-28 15:16:21,お知り合い
2020-09-28 15:16:28,公式ホームページ
2020-09-28 15:46:20,公式ホームページ
2020-09-28 16:00:19,他のウェブサイト
2020-09-28 16:02:09,お知り合い
2020-09-28 16:40:29,その他
2020-09-28 16:59:13,知らなかった
2020-09-28 16:59:34,公式ホームページ
2020-09-28 17:07:12,リピーター(すでに本キャンペーンを利用して来場した経験があった)
2020-02-28 11:16:32,知らなかった
2020-02-28 11:16:39,公式Twitter
2020-02-28 11:22:15,公式Instagram
2020-02-28 11:25:50,知らなかった
2020-02-28 11:25:55,知らなかった
2020-02-28 11:44:58,知らなかった
2020-02-28 12:24:42,お知り合い
2020-02-28 13:44:27,お知り合い
2020-02-28 14:15:20,公式Instagram
2020-02-28 14:38:52,知らなかった
2020-02-28 15:13:51,知らなかった
2020-02-28 15:20:05,知らなかった
2020-02-28 15:46:29,知らなかった
2020-02-28 16:10:51,知らなかった
2020-02-28 16:10:55,知らなかった
2020-02-28 16:16:39,知らなかった
2020-02-29 9:03:56,知らなかった
2020-03-28 11:03:55,知らなかった
2020-03-28 11:36:31,知らなかった
2020-03-28 11:36:40,知らなかった
2020-03-28 11:49:05,知らなかった
2020-03-28 12:08:30,知らなかった
2020-03-28 12:21:57,知らなかった
2020-03-28 12:28:04,知らなかった
2020-03-28 12:47:05,知らなかった
2020-03-28 12:50:25,知らなかった
2020-03-28 12:52:32,知らなかった
2020-03-28 13:03:16,知らなかった
2020-03-28 13:33:18,知らなかった
2020-03-28 13:59:53,知らなかった
2020-03-28 14:09:52,チラシ
2020-03-28 14:13:44,リピーター(すでに本キャンペーンを利用して来場した経験があった)
2020-03-28 14:16:40,公式Twitter
2020-03-28 14:18:40,知らなかった
2020-03-28 14:22:44,知らなかった
2020-03-28 14:32:15,知らなかった
2020-03-28 14:39:09,公式ホームページ
2020-03-28 14:42:35,知らなかった
2020-03-28 14:47:58,知らなかった
2020-03-28 14:50:02,知らなかった
2020-03-28 14:58:13,公式ホームページ
2020-03-28 14:58:26,知らなかった
2020-03-28 15:13:28,知らなかった
2020-03-28 15:21:07,知らなかった
2020-03-28 15:33:06,知らなかった
2020-03-28 15:36:21,知らなかった
2020-03-28 15:39:41,お知り合い
2020-03-28 15:48:19,公式ホームページ
2020-03-28 16:12:14,公式ホームページ
2020-03-28 16:17:05,他のウェブサイト
2020-03-28 16:31:50,知らなかった
2020-11-28 9:20:41,お知り合い
2020-11-28 9:21:02,公式ホームページ
2020-11-28 9:21:20,チラシ
2020-11-28 9:21:27,お知り合い
2020-11-28 11:55:14,公式ホームページ
2020-11-28 11:55:31,リピーター(すでに本キャンペーンを利用して来場した経験があった)
2020-11-28 12:12:15,公式ホームページ
2020-11-28 12:12:47,リピーター(すでに本キャンペーンを利用して来場した経験があった)
2020-11-28 12:13:14,公式ホームページ
2020-11-28 12:31:17,公式ホームページ
2020-11-28 12:54:28,リピーター(すでに本キャンペーンを利用して来場した経験があった)
2020-11-28 15:23:00,リピーター(すでに本キャンペーンを利用して来場した経験があった)
2020-11-28 15:23:08,公式ホームページ
2020-11-28 15:23:18,公式ホームページ
2020-11-28 15:23:26,公式Instagram
2020-12-06 9:19:01,公式ホームページ
2020-12-06 9:19:04,公式ホームページ
2020-12-06 9:19:07,リピーター(すでに本キャンペーンを利用して来場した経験があった)
2021-11-28 9:13:24,公式ホームページ
2021-11-28 9:13:38,公式ホームページ
2021-11-28 9:13:48,公式ホームページ
2021-11-28 9:13:54,公式Instagram
2021-11-28 9:14:02,公式Instagram
2021-11-28 9:14:10,知らなかった
2021-11-28 9:14:17,知らなかった
2021-11-28 9:14:24,公式ホームページ
2021-11-28 9:14:32,公式ホームページ
2021-11-28 9:14:40,公式Instagram
2021-11-28 9:16:31,公式ホームページ
2021-11-28 9:16:58,公式Instagram
2021-11-28 9:17:05,お知り合い
2021-11-28 9:58:06,雑誌・新聞
2021-11-28 10:00:07,お知り合い
2021-11-28 10:00:19,お知り合い
2021-11-28 10:01:50,知らなかった
2021-11-28 10:50:20,公式ホームページ
2021-11-28 10:50:29,公式ホームページ
2021-11-28 10:56:01,お知り合い
2021-11-28 10:56:31,公式ホームページ
2021-11-28 10:57:53,リピーター(すでに本キャンペーンを利用して来場した経験があった)
2021-11-28 10:58:56,公式ホームページ
2021-11-28 10:59:02,公式ホームページ
2021-11-28 11:16:13,公式ホームページ
2021-11-28 11:16:19,公式ホームページ
2021-11-28 11:36:47,公式ホームページ
2021-11-28 11:49:21,他のウェブサイト
2021-11-28 12:04:54,公式ホームページ
2021-11-28 12:11:49,公式ホームページ
2021-11-28 12:59:57,公式ホームページ
2021-11-28 13:00:16,公式ホームページ
2021-11-28 13:00:27,公式ホームページ
2021-11-28 13:05:01,公式ホームページ
2021-11-28 13:05:10,公式Twitter
2021-11-28 13:05:15,公式ホームページ
2021-11-28 13:58:15,公式ホームページ
2021-11-28 13:58:21,公式Instagram
2021-11-28 13:58:25,公式Instagram
2021-11-28 15:49:49,公式ホームページ
2021-11-28 15:55:02,公式ホームページ
2020-12-27 15:14:04,公式ホームページ
2020-12-27 15:14:42,公式ホームページ
2020-12-27 15:15:05,公式ホームページ
2020-12-27 16:26:51,リピーター(すでに本キャンペーンを利用して来場した経験があった)
2020-12-27 18:06:16,リピーター(すでに本キャンペーンを利用して来場した経験があった)
2020-12-27 18:24:40,チラシ
2020-12-27 18:24:57,チラシ
2020-12-27 18:51:43,公式ホームページ
2020-12-27 18:55:02,公式ホームページ
2020-12-27 19:31:09,公式ホームページ
2020-12-27 19:31:19,リピーター(すでに本キャンペーンを利用して来場した経験があった)
2020-12-27 19:31:29,公式ホームページ
2020-12-27 22:09:04,リピーター(すでに本キャンペーンを利用して来場した経験があった)
2020-01-28 9:13:04,知らなかった
2020-01-28 12:39:20,知らなかった
2020-01-28 12:53:08,知らなかった
2020-01-28 13:00:40,知らなかった
2020-01-28 13:16:37,知らなかった
2020-01-28 13:18:21,知らなかった
2020-01-28 13:35:10,知らなかった
2020-01-28 13:59:17,知らなかった
2020-01-28 13:59:23,知らなかった
2020-01-28 14:41:52,知らなかった
2020-01-28 14:53:47,知らなかった
2020-01-28 15:01:00,知らなかった
2020-01-28 15:26:00,知らなかった
2020-01-28 15:37:04,知らなかった
2020-01-28 15:37:08,知らなかった
2020-01-28 15:37:13,知らなかった
2020-01-28 16:16:27,その他
2020-01-28 16:21:17,知らなかった